Title,Studio,Release Date,Genre,RuntimeBudget,Gross,IMDb Rating
Gone with the Wind,MGM,15-12-39,drama,238,3.9,"6,846.70",8.2
101 Dalmatians,Disney,25-01-61,animation,79,75,"1,717.10",6.4
Doctor Dolittle,Fox,19-12-67,adventure,152,70.5,"2,096.80",5.3
The Godfather,Paramount Pictures,15-03-72,crime,175,7,"1,394.40",9.2
The Exorcist,WB,26-12-73,horror,122,12,"2,363.60",6.9
Jaws,Universal,20-06-75,thriller,124,12,"2,080.60",8.1
Star Wars,Fox,25-05-77,action,121,11,"3,042.80",8.7
Close Encounters of the Third Kind,Colombia Pictures,16-11-77,drama,132,20,"1,192.20",7.7
Saturday Night Fever,Paramount Pictures,16-12-77,drama,118,3.5,930.4,6.8
Grease,Paramount Pictures,16-06-78,musical,110,6,"1,440.70",7.2
Moonraker,MGM,29-06-79,action,126,31,688.8,6.2
The Empire Strikes Back,Fox,21-05-80,sci-fi,124,23,"1,553.80",8.8
Raiders of the Lost Ark,Paramount Pictures,12-06-81,action,115,20,"1,020",8.6
E.T.: The Extra-Terrestrial,Universal,11-06-82,adventure,115,10.5,"1,953.90",7.9
Return of the Jedi,Fox,25-05-83,action,134,32.5,"1,134.30",8.4
Indiana Jones and the Temple of Doom,Paramount Pictures,23-05-84,action,118,28,762.4,7.6
Ghostbusters,Colombia Pictures,08-06-84,adventure,105,30,675.7,6.9
Beverly Hills Cop,Paramount Pictures,05-12-84,action,105,15,724.2,7.3
Rambo: First Blood Part II,TriStar,22-05-85,action,96,44,663.9,6.4
Back to the Future,Universal,03-07-85,adventure,116,19,842.3,8.5
Rocky IV,UA Entertainment,27-11-85,action,91,28,664.1,6.7
Top Gun,Paramount Pictures,16-05-86,action,110,15,774.2,6.8
Crocodile Dundee,Paramount Pictures,26-09-86,adventure,93,5,712.1,6.5
Beverly Hills Cop II,Paramount Pictures,20-05-87,action,100,20,628,6.4
Dirty Dancing,Vestron Pictures,21-08-87,drama,100,6,448,6.8
Fatal Attraction,Paramount Pictures,18-09-87,drama,119,14,670.1,6.9
Crocodile Dundee II,Paramount Pictures,25-05-88,action,108,14,481.6,5.5
Who Framed Roger Rabbit,Buena Vista Studios,22-06-88,animation,104,70,663,7.7
Coming to America,Paramount Pictures,29-06-88,comedy,116,39,580.5,6.9
Twins,Universal,09-12-88,comedy,105,15,435.4,5.9
Rain Man,MGM,16-12-88,drama,133,25,713.2,8
Indiana Jones and the Last Crusade,Paramount Pictures,24-05-89,action,127,48,909.4,8.3
Dead Poets Society,Buena Vista Studios,02-06-89,drama,128,16.4,452.4,8
Ghostbusters II,Colombia Pictures,16-06-89,action,108,37,413.1,6.5
"Honey, I Shrunk the Kids",Buena Vista Studios,23-06-89,adventure,93,18,427.1,6.2
Batman,WB,23-06-89,action,126,48,788.8,7.6
Lethal Weapon 2,WB,07-07-89,action,114,25,437.1,7.2
Look Who's Talking,TriStar,13-10-89,romance,93,7.5,569.6,5.8
The Little Mermaid,Buena Vista Studios,15-11-89,animation,83,40,405.2,6.6
Back to the Future Part II,Universal,22-11-89,adventure,108,40,636.7,7.8
The Hunt for Red October,Paramount Pictures,02-03-90,action,134,30,364.8,7.6
Pretty Woman,Buena Vista Studios,23-03-90,comedy,119,14,843.1,6.9
Teenage Mutant Ninja Turtles,New Line Cinema,30-03-90,action,101,93,367.5,6
Back to the Future Part III,Universal,24-05-90,action,118,40,444.9,7.4
Total Recall,Sony,01-06-90,action,113,65,475.4,7.5
Die Hard 2: Die Harder,Fox,04-07-90,action,124,70,436.7,7.1
Ghost,Paramount Pictures,13-07-90,drama,127,22,920.1,7
Dances with Wolves,Orion,09-11-90,adventure,181,19,771.8,8
Home Alone,Fox,16-11-90,adventure,103,15,867.3,7.4
Kindergarten Cop,Universal,21-12-90,action,111,26,367.5,5.9
The Silence of the Lambs,Orion,14-02-91,thriller,118,20,476.1,8.6
Robin Hood: Prince of Thieves,WB,14-06-91,action,143,50,681.8,6.9
Terminator 2: Judgment Day,TriStar,02-07-91,action,137,100,907.6,8.5
Beauty and the Beast,Buena Vista Studios,13-11-91,animation,84,20,742,7.2
Hook,TriStar,11-12-91,adventure,144,70,525.4,6.7
JFK,WB,20-12-91,thriller,188,40,358.6,6.4
Basic Instinct,TriStar,20-03-92,mystery,127,49,598.2,6.9
Lethal Weapon 3,WB,15-05-92,action,118,35,545.3,6.7
Sister Act,Buena Vista Studios,29-05-92,comedy,100,31,392.6,6.2
Batman Returns,WB,19-06-92,action,126,80,452.2,7
Aladdin,Buena Vista Studios,11-11-92,animation,90,28,854.4,8
Bram Stoker's Dracula,Colombia Pictures,13-11-92,horror,128,40,365.9,5.6
Home Alone 2: Lost in New York,Fox,20-11-92,comedy,120,20,608.5,6.5
The Bodyguard,WB,25-11-92,romance,129,25,696.6,7
A Few Good Men,Colombia Pictures,11-12-92,thriller,138,33,412.2,7.6
Indecent Proposal,Paramount Pictures,07-04-93,drama,117,38,438.7,5.8
Cliffhanger,TriStar,28-05-93,action,113,65,419.7,6.4
Jurassic Park,Universal,11-06-93,adventure,127,63,"1,693.80",8.1
Sleepless in Seattle,TriStar,25-06-93,romance,105,21,374.9,6.8
The Firm,Paramount Pictures,30-06-93,thriller,154,42,444.7,6.8
The Fugitive,WB,06-08-93,action,130,44,607.1,7.8
Mrs. Doubtfire,Fox,24-11-93,comedy,125,25,726.3,8
Schindler's List,Universal,15-12-93,biography,195,25,528.8,8.9
Philadelphia,TriStar,22-12-93,drama,125,26,340.2,8.8
Four Weddings and a Funeral,Gramercy Pictures,09-03-94,comedy,117,4.5,394.3,7.3
The Flintstones,Universal,27-05-94,comedy,91,45,548.1,4.8
Speed,Fox,10-06-94,action,30,30,562.3,7.2
The Lion King,Buena Vista Studios,15-06-94,animation,89,79.3,"1,584.60",8.5
Forrest Gump,Paramount Pictures,06-07-94,drama,142,55,"1,087.80",8.8
True Lies,Fox,15-07-94,action,141,100,608,7.2
The Mask,New Line Cinema,29-07-94,comedy,101,23,564.2,6.8
Clear and Present Danger,Paramount Pictures,03-08-94,action,141,62,346.4,6.9
Pulp Fiction,MiraMax,14-10-94,crime,154,8,343.2,8.9
Interview with the Vampire,WB,11-11-94,drama,123,50,359,7.6
Disclosure,WB,09-12-94,drama,128,55,343.4,6
Dumb and Dumber,New Line Cinema,16-12-94,comedy,107,16,396.8,7.3
The Jungle Book,Disney,23-12-94,animation,111,27,330.2,7.6
Die Hard: With A Vengeance,Fox,19-05-95,action,131,90,571.3,7.6
Braveheart,Paramount Pictures,24-05-95,action,177,72,328.3,8.4
Casper,Universal,26-05-95,comedy,100,55,449.2,6
Batman Forever,WB,16-06-95,action,121,100,525.1,5.4
Pocahontas,Buena Vista Studios,23-06-95,animation,81,75,540.1,6.6
Apollo 13,Universal,30-06-95,adventure,140,65,554.3,7.6
Waterworld,Universal,28-07-95,action,136,175,412.3,6.1
Babe,Universal,04-08-95,adventure,89,30,396.5,6.8
Seven,New Line Cinema,22-09-95,crime,127,30,510.7,8.7
Ace Ventura: When Nature Calls,WB,10-11-95,comedy,90,30,331.4,6.3
GoldenEye,MGM,17-11-95,action,130,60,549.6,7.2
Toy Story,Buena Vista Studios,22-11-95,animation,80,30,564.9,8.3
Jumanji,Sony,15-12-95,adventure,104,65,410.1,6.8
Twister,WB,10-05-96,action,113,88,749.5,6.3
The Rock,Buena Vista Studios,07-06-96,action,136,75,507.9,7.4
Eraser,WB,21-06-96,action,115,100,367.2,6
The Hunchback of Notre Dame,Buena Vista Studios,21-06-96,animation,91,100,493,6.8
The Nutty Professor,Universal,28-06-96,comedy,95,55,415.3,5.5
Independence Day,Fox,03-07-96,action,145,75,"1,238.90",6.9
Ransom,Buena Vista Studios,08-11-96,thriller,121,70,469.1,5.4
Space Jam,WB,15-11-96,animation,88,80,349.2,6.2
The English Patient,MiraMax,15-11-96,romance,162,35,351.6,7.4
101 Dalmatians (1996),Buena Vista Studios,27-11-96,animation,103,75,486.1,5.6
Jerry Maguire,Sony,13-12-96,comedy,139,50,414.7,7.3
Liar Liar,Universal,21-03-97,comedy,86,45,448.5,6.8
The Fifth Element,Sony,09-05-97,action,126,95,391,7.6
The Lost World: Jurassic Park,Universal,22-05-97,action,129,75,916.5,6.5
Con Air,Buena Vista Studios,06-06-97,action,115,80,331.9,6.8
Hercules,Buena Vista Studios,15-06-97,animation,92,70,374.4,6.1
Batman and Robin,WB,20-06-97,action,125,125,352.9,3.6
My Best Friend's Wedding,Sony,20-06-97,comedy,105,46,443.5,7.1
Face/Off,Paramount Pictures,27-06-97,action,138,80,364,7.1
Men in Black,Sony,02-07-97,action,98,90,873.3,7.2
Air Force One,Sony,25-07-97,action,124,85,467,6.4
The Full Monty,Fox Searchlight Pictures,13-08-97,comedy,91,3.5,382.1,7.2
Bean,Gramercy Pictures,17-10-97,comedy,90,18,372.2,7.3
Good Will Hunting,MiraMax,05-12-97,drama,126,10,334.7,8.3
Titanic,Paramount Pictures,17-12-97,drama,194,200,"3,240.10",7.7
Tomorrow Never Dies,MGM,19-12-97,action,119,110,493.4,6.5
As Good as It Gets,Sony,24-12-97,comedy,139,50,465.5,7.8
Deep Impact,Paramount Pictures,08-05-98,action,120,80,509.9,6.1
Godzilla,Sony,20-05-98,action,123,160,552.9,6.5
The Truman Show,Paramount Pictures,05-06-98,drama,103,60,385.3,5.5
Mulan,Buena Vista Studios,19-06-98,animation,88,90,444,7.5
Armageddon,Buena Vista Studios,01-07-98,action,150,140,807.8,6.6
Lethal Weapon 4,WB,10-07-98,action,127,140,416.4,6.6
There's Something About Mary,Fox,15-07-98,comedy,119,22,539.7,7.1
The Mask of Zorro,Sony,17-07-98,action,136,65,365.2,6.7
Saving Private Ryan,DreamWorks,24-07-98,action,169,65,702.9,7.6
Rush Hour,New Line Cinema,18-09-98,action,98,35,356.6,6.9
Life Is Beautiful,MiraMax,23-10-98,drama,116,20,334.4,8.6
Enemy of the State,Buena Vista Studios,20-11-98,action,132,85,365.6,7.3
A Bug's Life,Buena Vista Studios,25-11-98,animation,96,120,530.2,7.2
Shakespeare in Love,MiraMax,11-12-98,comedy,123,26,422.1,7.2
The Prince of Egypt,DreamWorks,18-12-98,animation,99,60,318.9,7
You've Got Mail,WB,18-12-98,romance,119,65,365.9,6.5
Patch Adams,Universal,25-12-98,comedy,115,90,295.1,6.6
The Matrix,WB,31-03-99,action,136,65,661.6,8.7
Entrapment,Fox,30-04-99,crime,113,66,303.2,6.2
Star Wars: Episode I - The Phantom Menace,Fox,19-05-99,sci-fi,136,115,"1,465.90",6.6
Notting Hill,Universal,28-05-99,comedy,124,42,519.4,7
Austin Powers: The Spy Who Shagged Me,New Line Cinema,10-06-99,comedy,95,35,445.3,6.6
Tarzan,Buena Vista Studios,16-06-99,animation,88,130,639.8,7.2
Big Daddy,Sony,25-06-99,comedy,93,30,335.2,6.4
Wild Wild West,WB,30-06-99,action,106,175,317,4.8
American Pie,Universal,09-07-99,comedy,95,12,336.2,7
The Blair Witch Project,Art House Studios,14-07-99,horror,81,0.6,354.9,6.4
Runaway Bride,Paramount Pictures,30-07-99,comedy,116,70,441.8,6.6
The Sixth Sense,Buena Vista Studios,06-08-99,drama,107,40,960.4,8.2
American Beauty,DreamWorks,15-09-99,drama,122,15,508.6,8.4
Sleepy Hollow,Paramount Pictures,19-11-99,fantasy,105,70,294.2,7.6
The World Is Not Enough,MGM,19-11-99,action,128,135,516.4,6.4
Toy Story 2,Buena Vista Studios,19-11-99,animation,92,90,692.3,5.9
End of Days,Universal,24-11-99,action,121,100,302.6,5.7
The Green Mile,WB,10-12-99,crime,189,60,409.4,8.5
Stuart Little,Sony,17-12-99,adventure,84,133,428.4,5.9
Erin Brockovich,Universal,17-03-00,biography,130,50,353.9,7.3
Gladiator,DreamWorks,05-05-00,action,155,103,631.9,8.5
Gone in 60 Seconds,Buena Vista Studios,09-05-00,action,105,90,327.6,6.5
Dinosaur,Buena Vista Studios,19-05-00,animation,82,127.5,483.1,6.4
Mission: Impossible,Paramount Pictures,24-05-00,action,123,120,632.1,7.1
Mission: Impossible II,Paramount Pictures,24-05-00,action,123,120,754.6,6
Chicken Run,DreamWorks,21-06-00,animation,84,42,310.4,7.1
The Patriot,Sony,28-06-00,action,165,110,297.3,6.1
The Perfect Storm,WB,30-06-00,action,130,120,453.9,6.4
Scary Movie,MiraMax,07-07-00,comedy,88,19,383.9,7.2
X-Men,Fox,14-07-00,action,131,200,409.2,7.4
What Lies Beneath,DreamWorks,21-07-00,drama,130,90,402.4,6.6
Charlie's Angels,Sony,03-11-00,action,98,90,364.7,8.1
How the Grinch Stole Christmas,Universal,17-11-00,comedy,104,123,476.6,6
Unbreakable,Buena Vista Studios,22-11-00,fantasy,106,73.2,342.6,7.2
"Crouching Tiger, Hidden Dragon",Sony Picture Classics,08-12-00,action,120,15,294.8,7.9
Vertical Limit,Sony,08-12-00,action,124,75,297.9,5.8
What Women Want,Paramount Pictures,15-12-00,comedy,127,65,516.6,6.4
Miss Congeniality,WB,22-12-00,comedy,109,45,293.7,6.1
Cast Away,Fox,22-12-00,adventure,143,85,593.3,7.7
Traffic,USA,27-12-00,crime,147,48,286.6,7.7
Hannibal,MGM,09-02-01,thriller,131,87,472.3,8.7
Bridget Jones's Diary,MiraMax,13-04-01,comedy,97,25,378.5,6.7
The Mummy,Universal,04-05-01,action,130,98,558.5,7
The Mummy Returns,Universal,04-05-01,action,130,98,581.4,6.3
Shrek,DreamWorks,18-05-01,animation,90,50,650.4,7.9
Pearl Harbor,Buena Vista Studios,25-05-01,action,183,151.5,603.2,6
Lara Croft: Tomb Raider,Paramount Pictures,15-06-01,action,100,94,368.9,5.7
The Fast and the Furious,Universal,22-06-01,action,106,38,278.4,6.7
Fast and Furious,Universal,22-06-01,action,106,38,487.7,6.7
A.I. Artificial Intelligence,WB,29-06-01,adventure,146,90,316.8,7.1
Cats & Dogs,WB,04-07-01,action,87,60,269.5,5.2
Jurassic Park III,Universal,18-07-01,action,92,93,495.2,5.9
Planet of the Apes (2001),Fox,27-07-01,action,119,100,486.4,5.7
Rush Hour 2,New Line Cinema,03-08-01,comedy,90,90,466.3,6.6
The Others,MiraMax,10-08-01,horror,101,17,281.8,7.6
American Pie 2,Universal,10-08-01,comedy,108,30,386.2,6.4
"Monsters, Inc.",Buena Vista Studios,02-11-01,animation,92,115,755.7,8.1
Harry Potter and the Sorcerer's Stone,WB,16-11-01,adventure,152,125,"1,308.90",7.5
Ocean's Eleven,WB,07-12-01,thriller,127,85,605.2,7.8
Vanilla Sky,Paramount Pictures,14-12-01,mystery,136,70,273.1,6.9
The Lord of the Rings: The Fellowship of the Ring,New Line Cinema,19-12-01,action,178,109,"1,170.20",8.8
A Beautiful Mind,Universal,21-12-01,biography,135,78,421,8.2
My Big Fat Greek Wedding,IFC,19-04-02,comedy,95,5,487.4,6.6
Spider-Man,Sony,03-05-02,action,121,139,"1,086.20",7.3
Star Wars: Episode II - Attack of the Clones,Fox,16-05-02,sci-fi,142,115,858.4,6.7
The Bourne Identity,Universal,14-06-02,action,119,60,282.9,7.9
Scooby-Doo,WB,14-06-02,animation,90,84,364.4,4.9
Lilo & Stitch,Buena Vista Studios,21-06-02,animation,85,80,361,7.1
Minority Report,Fox,21-06-02,sci-fi,145,102,473.8,7.7
Men in Black II,Sony,03-07-02,action,88,140,584,7.6
Austin Powers in Goldmember,New Line Cinema,25-07-02,action,94,63,392.2,6.2
Signs,Buena Vista Studios,02-08-02,drama,106,70.7,539.6,6.7
XXX,Revolution Studios,09-08-02,action,124,70,366.7,5.8
Spirited Away,Buena Vista Studios,20-09-02,animation,125,19,363.4,8.6
Red Dragon,Universal,04-10-02,crime,124,78,276.5,7.2
The Ring,DreamWorks,18-10-02,horror,115,48,329.5,7.1
8 Mile,Universal,08-11-02,drama,110,41,321.1,6.9
Harry Potter and the Chamber of Secrets,WB,15-11-02,adventure,161,100,"1,161.90",7.3
Die Another Day,MGM,22-11-02,action,133,142,571,6.1
The Lord of the Rings: The Two Towers,New Line Cinema,18-12-02,action,179,94,"1,224.10",8.7
Catch Me If You Can,DreamWorks,25-12-02,biography,141,52,465.4,8
Chicago,MiraMax,27-12-02,comedy,113,30,405.6,7.2
X2: X-Men United,Fox,24-04-03,action,134,110,526.9,7.5
The Matrix Reloaded,WB,15-05-03,sci-fi,138,127,959.1,7.2
Bruce Almighty,Universal,23-05-03,comedy,101,81,626.3,6.7
Finding Nemo,Buena Vista Studios,30-05-03,animation,100,94,"1,210.60",8.2
2 Fast 2 Furious,Universal,06-06-03,action,107,76,305.5,5.8
Hulk,Universal,20-06-03,action,138,137,317.2,5.7
The Incredible Hulk,Universal,20-06-03,action,138,137,340.4,6.9
Charlie's Angels: Full Throttle,Sony,27-06-03,action,106,120,335,4.8
Terminator 3: Rise of the Machines,WB,01-07-03,action,109,170,560.1,6.4
Pirates of the Caribbean: The Curse of the Black Pearl,Buena Vista Studios,09-07-03,action,143,125,845.6,8.1
Bad Boys II,Sony,18-07-03,action,147,130,353.2,6.5
American Wedding,Universal,01-08-03,comedy,96,55,299.1,7.6
S.W.A.T.,Sony,08-08-03,action,117,70,268.4,6
Scary Movie 3,Dimension Films,24-10-03,comedy,84,45,285.2,5.4
Brother Bear,Buena Vista Studios,24-10-03,animation,82,18,323.6,6.7
The Matrix Revolutions,WB,05-11-03,sci-fi,129,110,552.3,6.7
Elf,New Line Cinema,07-11-03,comedy,97,32,284.8,6.9
Love Actually,Universal,07-11-03,comedy,135,45,319.1,7.7
Master and Commander: The Far Side of the World,Fox,14-11-03,action,138,135,274,7.4
The Last Samurai,WB,05-12-03,action,154,120,590.4,7.7
Something's Gotta Give,Sony,12-12-03,comedy,128,80,344.7,6.7
The Lord of the Rings: The Return of the King,New Line Cinema,17-12-03,fantasy,201,94,"1,447.40",8.9
The Passion of the Christ,New Market Films,25-02-04,drama,127,25,770.3,7.1
Van Helsing,Universal,07-05-04,action,131,170,378,6
Troy,WB,14-05-04,action,163,150,626.2,7.2
Shrek 2,DreamWorks,19-05-04,animation,93,70,"1,157.90",7.2
The Day After Tomorrow,Fox,28-05-04,sci-fi,124,125,685.2,6.4
Harry Potter and the Prisoner of Azkaban,WB,04-06-04,adventure,141,130,"1,003",7.8
Garfield: The Movie,Fox,11-06-04,comedy,80,50,252.8,4.9
The Terminal,DreamWorks,18-06-04,drama,128,75,276.2,6.1
Fahrenheit 9/11,Lionsgate Films,23-06-04,documentary,122,6,280,7.5
Spider-Man 2,Sony,30-06-04,action,127,200,986.7,7.3
King Arthur,Buena Vista Studios,07-07-04,action,126,90,256.3,6.3
"I, Robot",Fox,16-07-04,sci-fi,115,105,437.1,7.1
The Bourne Supremacy,Universal,23-07-04,action,108,85,363.2,7.8
The Village,Buena Vista Studios,30-07-04,mystery,108,71.7,323.2,6.5
Collateral,DreamWorks,06-08-04,crime,120,60,274.2,7.6
Shark Tale,DreamWorks,01-10-04,animation,90,75,462.4,6
The Incredibles,Buena Vista Studios,05-11-04,animation,115,92,794.9,8
The Polar Express,WB,10-11-04,animation,100,170,387.1,6.6
Bridget Jones: The Edge of Reason,Universal,12-11-04,comedy,108,50,330.5,5.9
National Treasure,Buena Vista Studios,19-11-04,adventure,131,100,437.5,6.9
Ocean's Twelve,WB,10-12-04,thriller,125,85,456.6,6.4
Million Dollar Baby,WB,15-12-04,drama,132,30,272.9,8.1
Lemony Snicket's A Series of Unfortunate Events,Paramount Pictures,17-12-04,adventure,108,100,263.2,6.8
The Aviator,MiraMax,17-12-04,biography,170,110,269,7.5
Meet the Parents,Universal,22-12-04,comedy,115,60,415.9,7
Meet the Fockers,Universal,22-12-04,comedy,115,60,650.3,6.3
Hitch,Sony,11-02-05,comedy,118,55,448.2,8.2
Constantine,WB,18-02-05,fantasy,121,100,281.2,7.6
Robots,Fox,11-03-05,animation,91,80,317.4,6.3
Kingdom of Heaven,Fox,06-05-05,action,145,110,257.8,7.2
Star Wars: Episode III - Revenge of the Sith,Fox,19-05-05,action,140,115,"1,033.50",7.7
Madagascar,DreamWorks,27-05-05,animation,86,75,648.6,6.9
Howl's Moving Castle,Buena Vista Studios,10-06-05,animation,119,24,286.4,8.2
Mr. & Mrs. Smith,Fox,10-06-05,action,120,110,582.3,6.5
Batman Begins,WB,15-06-05,action,140,150,455.6,8.3
War of the Worlds,Paramount Pictures,29-06-05,action,116,132,720.5,6.5
Fantastic Four,Fox,08-07-05,action,106,87.5,402.6,5.7
Wedding Crashers,New Line Cinema,15-07-05,comedy,119,40,347.3,7
Charlie and the Chocolate Factory,WB,15-07-05,adventure,115,150,578.4,6.7
Flightplan,Buena Vista Studios,23-09-05,action,98,55,272,6.2
Chicken Little,Buena Vista Studios,04-11-05,animation,81,60,382.8,5.8
Harry Potter and the Goblet of Fire,WB,18-11-05,adventure,157,150,"1,092.10",7.6
"The Chronicles of Narnia: The Lion, the Witch and the Wardrobe",Buena Vista Studios,09-12-05,adventure,143,180,907.1,6.9
King Kong,Universal,14-12-05,adventure,187,207,670.3,7.3
Fun with Dick and Jane,Sony,21-12-05,comedy,90,140,246,6.1
Ice Age: The Meltdown,Fox,31-03-06,animation,91,75,779.6,6.9
Mission: Impossible III,Paramount Pictures,05-05-06,action,126,150,469.4,6.8
Over the Hedge,Pacific Data/DreamWorks,19-05-06,animation,83,80,396.3,6.8
The Da Vinci Code,Sony,19-05-06,thriller,149,125,894.4,6.5
X-Men: The Last Stand,Fox,26-05-06,action,104,150,541.9,6.8
The Break-Up,Universal,02-06-06,comedy,106,52,241.8,5.8
Cars,Buena Vista Studios,09-06-06,animation,117,70,545,7.2
Click,Revolution Studios,23-06-06,comedy,107,82.5,280.4,6.4
Superman Returns,WB,28-06-06,action,154,232,461.3,6.1
The Devil Wears Prada,Fox,30-06-06,comedy,109,35,385.3,6.8
Pirates of the Caribbean: Dead Man's Chest,Buena Vista Studios,07-07-06,action,151,225,"1,257.70",7.3
The Departed,WB,06-10-06,thriller,151,90,341.8,8.5
Borat: Cultural Learnings of America for Make Benefit Glorious Nation of Kazakhstan,Fox,03-11-06,comedy,84,18,308.6,7.3
Happy Feet,WB,17-11-06,animation,108,85,453.3,6.5
Casino Royale,Sony,17-11-06,action,144,102,706.6,8
The Holiday,Sony,08-12-06,comedy,138,85,241.9,6.9
Eragon,Fox,15-12-06,action,104,100,294.3,5.1
The Pursuit of Happyness,Sony,15-12-06,biography,117,55,362.3,7.9
Ghost Rider,Sony,16-02-07,action,114,120,262.4,5.2
Wild Hogs,Buena Vista Studios,02-03-07,action,100,60,290.9,5.9
300,WB,09-03-07,action,117,60,523.2,7.8
Spider-Man 3,Sony,04-05-07,action,139,258,"1,022",6.2
Shrek the Third,Pacific Data/DreamWorks,18-05-07,animation,93,160,916.6,6
Pirates of the Caribbean: At World's End,Buena Vista Studios,25-05-07,action,169,300,"1,105.20",7.1
Knocked Up,Universal,01-06-07,comedy,129,27.5,251.3,7.1
Ocean's Thirteen,WB,08-06-07,thriller,122,85,357.1,6.9
Fantastic Four: Rise of the Silver Surfer,Fox,15-06-07,action,92,120,331.5,5.6
Live Free or Die Hard,Fox,27-06-07,action,128,110,439.9,7.2
Ratatouille,Buena Vista Studios,29-06-07,animation,111,150,715.5,8
Transformers,Pacific Data/DreamWorks,03-07-07,action,144,151,814.1,7.1
Harry Potter and the Order of the Phoenix,WB,11-07-07,adventure,138,150,"1,078.20",7.4
Hairspray (2007),New Line Cinema,20-07-07,musical,117,75,232.3,6.8
The Simpsons Movie,Fox,27-07-07,animation,87,72.5,604.7,7.4
The Bourne Ultimatum,Universal,03-08-07,action,115,130,508,8.1
Rush Hour 3,New Line Cinema,10-08-07,action,91,180,296,6.2
Mr. Bean's Holiday,Universal,24-08-07,comedy,90,25,263.5,6.3
American Gangster,Universal,02-11-07,drama,157,100,305.7,7.8
Bee Movie,Pacific Data/DreamWorks,02-11-07,animation,91,150,329.9,6.2
Enchanted,Buena Vista Studios,21-11-07,comedy,107,85,390.6,7.2
The Golden Compass,New Line Cinema,01-12-07,adventure,113,205,427,6.1
Juno,Fox Searchlight Pictures,05-12-07,comedy,96,7,265.5,6.3
Alvin and the Chipmunks,Fox,14-12-07,animation,92,55,414.5,5.3
I Am Legend,WB,14-12-07,drama,101,150,671.4,7.2
National Treasure: Book of Secrets,Buena Vista Studios,21-12-07,action,124,130,524.7,6.5
Jumper,Fox,14-02-08,action,88,82.5,245.4,6.1
Bienvenue chez les Ch'tis,Path_ Distribution,20-02-08,drama,106,15.3,270.7,7.1
"10,000 B.C.",WB,07-03-08,action,109,105,298,5
Dr. Seuss' Horton Hears a Who!,Fox,14-03-08,animation,86,85,328.2,6.9
Iron Man,Paramount Pictures,02-05-08,action,126,186,646.4,7.9
What Happens in Vegas,Fox,09-05-08,comedy,99,35,242.3,7.3
The Chronicles of Narnia: Prince Caspian,Buena Vista Studios,16-05-08,action,150,225,463.6,6.6
Indiana Jones and the Kingdom of the Crystal Skull,Paramount Pictures,22-05-08,action,122,185,868.8,6.2
Sex and the City,WB/New Line,30-05-08,comedy,145,57.5,458.7,6.9
Kung Fu Panda,Pacific Data/DreamWorks,05-06-08,animation,92,130,697.7,7.6
Get Smart,WB,20-06-08,action,110,80,254.8,6.5
Wanted,Universal,27-06-08,action,110,75,377.1,6.7
WALL-E,Buena Vista Studios,27-06-08,animation,98,180,575.8,8.4
Hancock,Sony,02-07-08,action,92,150,689.7,6.5
Journey to the Center of the Earth,WB/New Line,11-07-08,action,93,45,267.3,5.8
Mamma Mia!,Universal,18-07-08,comedy,108,52,673.5,6.4
The Dark Knight,WB,18-07-08,action,152,185,"1,109.60",9
The Mummy: Tomb of the Dragon Emperor,Universal,01-08-08,action,112,175,443,5.2
High School Musical 3: Senior Year,Buena Vista Studios,24-10-08,comedy,112,11,279.3,4.3
Madagascar: Escape 2 Africa,Pacific Data/DreamWorks,07-11-08,animation,89,150,667,6.7
Slumdog Millionaire,Fox Searchlight Pictures,12-11-08,drama,120,14,417.4,8
Quantum of Solace,Sony,14-11-08,action,106,230,647.4,6.7
Bolt,Buena Vista Studios,21-11-08,animation,96,150,342.4,6.9
Twilight,Summit Entertainment,21-11-08,drama,122,37,433.6,5.2
Australia,Fox,26-11-08,adventure,165,78,233.4,7.6
The Day the Earth Stood Still (2008),Fox,12-12-08,drama,104,80,257.5,5.5
Gran Torino,WB,12-12-08,drama,116,33,298.2,8.2
Yes Man,WB,19-12-08,comedy,104,50,246.5,6.9
Valkyrie,UA Entertainment,25-12-08,biography,121,75,221.2,7.1
Bedtime Stories,Buena Vista Studios,25-12-08,comedy,99,80,235.2,6.1
Marley and Me,Fox,25-12-08,comedy,115,60,268.1,6.2
The Curious Case of Benjamin Button,Paramount Pictures,25-12-08,drama,166,160,368.8,7.8
Taken,Fox,30-01-09,action,93,25,251.4,7.9
Monsters Vs. Aliens,Pacific Data/DreamWorks,27-03-09,animation,94,175,422.9,6.6
X-Men Origins: Wolverine,Fox,01-05-09,action,107,150,413.6,6.7
The Wolverine,Fox,01-05-09,action,107,150,459.8,6.7
Star Trek,Paramount Pictures,08-05-09,sci-fi,127,140,427.5,8
Angels & Demons,Sony,15-05-09,thriller,138,150,538.6,6.7
Terminator Salvation,WB,21-05-09,action,115,200,411.7,6.7
Night at the Museum: Battle of the Smithsonian,Fox,22-05-09,comedy,104,150,457.9,5.9
Up,Buena Vista Studios,29-05-09,animation,96,175,810.6,8.3
The Hangover,WB,05-06-09,comedy,100,35,518.2,7.8
The Proposal,Buena Vista Studios,19-06-09,comedy,108,40,351.8,6.7
Transformers: Revenge of the Fallen,Pacific Data/DreamWorks,24-06-09,action,150,210,927,6
Public Enemies,Universal,01-07-09,biography,140,102.5,237.3,7
Ice Age,Fox,01-07-09,animation,94,90,424.9,7.6
Ice Age: Dawn of the Dinosaurs,Fox,01-07-09,animation,94,90,982.9,7
Harry Potter and the Half-Blood Prince,WB,15-07-09,adventure,153,250,"1,035.70",7.5
The Ugly Truth,Sony,24-07-09,comedy,96,38,227.6,6.5
G-Force,Buena Vista Studios,24-07-09,action,88,82.5,324.6,5.1
G.I. Joe: The Rise of Cobra,Paramount Pictures,07-08-09,action,118,175,335.3,5.8
Ponyo,Buena Vista Studios,14-08-09,animation,101,34,223.7,7.7
District 9,TriStar,14-08-09,sci-fi,112,30,233.7,8
Inglourious Basterds,Weinstein Company,21-08-09,adventure,153,70,356.4,8.3
Cloudy with a Chance of Meatballs,Sony,18-09-09,animation,90,100,269.4,7
Michael Jackson's This Is It,Sony,28-10-09,documentary,111,60,289.5,7.6
A Christmas Carol (2009),Buena Vista Studios,06-11-09,animation,96,190,360.6,6.9
2012,Sony,13-11-09,action,158,200,853.2,5.8
The Blind Side,WB,20-11-09,biography,129,35,342.7,7.7
The Twilight Saga: New Moon,Summit Entertainment,20-11-09,drama,130,50,786.8,4.6
The Princess and the Frog,Buena Vista Studios,25-11-09,animation,97,105,296,7.2
Avatar,Fox,18-12-09,sci-fi,162,237,"3,090.40",7.9
Alvin and the Chipmunks: The Squeakquel,Fox,23-12-09,animation,88,70,491.2,4.4
It's Complicated,Universal,25-12-09,comedy,120,75,242.9,6.6
Sherlock Holmes,WB,25-12-09,action,128,90,580.8,7.6
Valentine's Day,WB,12-02-10,comedy,125,52,236.1,5.8
Percy Jackson & The Olympians: The Lightning Thief,Fox,12-02-10,fantasy,118,95,247,5.9
Shutter Island,Paramount Pictures,19-02-10,drama,138,80,321.5,8.1
Alice in Wonderland,Buena Vista Studios,05-03-10,adventure,108,200,"1,118.40",6.5
How to Train Your Dragon,Pacific Data/DreamWorks,26-03-10,animation,98,165,539.7,8.2
Clash of the Titans,WB,02-04-10,action,106,125,537.9,5.8
Iron Man 2,Paramount Pictures,07-05-10,action,124,170,680.4,7.1
Robin Hood,Universal,14-05-10,action,140,180,350.8,6.7
Shrek Forever After,Pacific Data/DreamWorks,21-05-10,animation,93,165,820.8,6.4
Sex and the City 2,WB/New Line,27-05-10,comedy,146,95,314.4,4.2
Prince of Persia: The Sands of Time,Buena Vista Studios,28-05-10,action,116,200,366.9,6.6
The Karate Kid,Sony,11-06-10,action,140,40,391.6,7.2
Toy Story 3,Buena Vista Studios,18-06-10,animation,103,200,"1,159.50",8.4
Knight & Day,Fox,23-06-10,action,109,117,285.6,6.3
Grown Ups,Sony,25-06-10,comedy,102,75,296,6
The Twilight Saga: Eclipse,Summit Entertainment,30-06-10,drama,124,68,761.8,4.9
The Last Airbender,Paramount Pictures,01-07-10,action,103,150,348.7,4.3
Despicable Me,Universal,09-07-10,animation,95,69,592.3,7.7
The Sorcerer's Apprentice,Buena Vista Studios,14-07-10,action,109,160,234.8,7.1
Inception,WB,16-07-10,action,148,160,900.3,8.8
Salt,Sony,23-07-10,action,100,110,320.1,6.4
Eat Pray Love,Sony,13-08-10,drama,133,60,223.1,5.6
The Expendables,Lionsgate,13-08-10,action,103,82,299.4,6.5
Resident Evil: Afterlife,Screen Gems,10-09-10,action,97,57.5,323,5.9
The Social Network,Sony,01-10-10,biography,120,40,245.3,7.8
Due Date,WB,05-11-10,comedy,95,65,231,6.6
Megamind,Pacific Data/DreamWorks,05-11-10,animation,95,130,351.1,7.3
Harry Potter and the Deathly Hallows Part 1,WB,19-11-10,adventure,146,125,"1,047.30",8.1
Tangled,Buena Vista Studios,24-11-10,animation,100,260,645.4,7.8
The King's Speech,Weinstein Company,26-11-10,biography,118,15,451.7,8.1
Black Swan,Fox Searchlight Pictures,03-12-10,drama,108,13,359.2,8
The Tourist,Sony,10-12-10,action,103,100,303.5,6
The Chronicles of Narnia: The Voyage of the Dawn Treader,Fox,10-12-10,adventure,113,155,453.3,6.4
Yogi Bear,WB,17-12-10,animation,80,80,219.9,4.5
Tron Legacy,Buena Vista Studios,17-12-10,action,125,200,436.3,6.8
True Grit,Paramount Pictures,22-12-10,adventure,110,35,275.2,7.7
Little Fockers,Universal,22-12-10,comedy,98,100,338.8,5.4
Gulliver's Travels,Fox,25-12-10,adventure,85,112,258.9,4.9
The Green Hornet,Sony,14-01-11,action,119,110,240.8,5.9
Just Go With It,Sony,11-02-11,comedy,117,80,227.2,6.4
Rango,Paramount Pictures,04-03-11,animation,107,135,259.8,7.3
Battle: Los Angeles,Sony,11-03-11,action,116,70,223.9,7.6
Rio,Fox,15-04-11,animation,96,90,512.3,7
Fast Five,Universal,29-04-11,action,130,125,661.9,7.3
Thor,Paramount Pictures,06-05-11,action,115,150,475,7
Bridesmaids,Universal,13-05-11,comedy,125,32.5,304.9,6.8
Pirates of the Caribbean: On Stranger Tides,Buena Vista Studios,20-05-11,action,137,250,"1,105.50",6.7
The Hangover Part II,WB,26-05-11,comedy,102,80,620.4,6.5
Kung Fu Panda 2,Pacific Data/DreamWorks,26-05-11,animation,90,150,703.8,7.3
X-Men: First Class,Fox,03-06-11,action,131,200,373.8,7.8
Super 8,Paramount Pictures,09-06-11,thriller,112,50,275,7.1
Green Lantern,WB,17-06-11,action,114,200,232.5,5.7
Bad Teacher,Sony,24-06-11,comedy,92,19,228.6,5.7
Cars 2,Buena Vista Studios,24-06-11,animation,106,200,591.9,6.3
Transformers: Dark of the Moon,Pacific Data/DreamWorks,29-06-11,action,157,195,"1,188.10",6.3
Horrible Bosses,WB/New Line,08-07-11,comedy,98,37,221.6,6.9
Harry Potter and the Deathly Hallows Part 2,WB,15-07-11,fantasy,130,125,"1,418.20",8.1
Captain America: The First Avenger,Paramount Pictures,22-07-11,action,124,140,391.8,6.8
The Smurfs,Sony,29-07-11,animation,103,110,595.9,5.5
Rise of the Planet of the Apes,Fox,05-08-11,sci-fi,105,93,509.4,8.6
The Help,Buena Vista Studios,10-08-11,drama,146,25,229,8.1
Real Steel,Buena Vista Studios,07-10-11,action,127,110,316.4,6.3
Paranormal Activity 3,Paramount Pictures,21-10-11,horror,84,5,218.8,5.9
Puss in Boots,Pacific Data/DreamWorks,28-10-11,animation,90,130,586.7,6.7
The Intouchables,Weinstein Company,02-11-11,drama,112,10,451,8.6
Immortals,Relativity Media,11-11-11,crime,98,75,239.9,6.1
The Twilight Saga: Breaking Dawn Part 1,Summit Entertainment,18-11-11,adventure,117,127.5,752.9,5.6
Alvin and the Chipmunks: Chipwrecked,Fox,16-12-11,animation,87,80,362.3,4.4
Sherlock Holmes: A Game of Shadows,WB,16-12-11,action,129,125,576.6,7.5
Mission: Impossible - Ghost Protocol,Paramount Pictures,16-12-11,action,133,145,734.4,7.4
The Girl with the Dragon Tattoo (2011),Sony,20-12-11,crime,158,90,245.9,7.9
The Adventures of Tintin,Paramount Pictures,21-12-11,animation,107,130,395.4,7.4
Safe House,Universal,10-02-12,action,115,85,215.5,6.8
Journey 2: The Mysterious Island,WB,11-02-12,adventure,94,79,347.3,5.8
Dr. Seuss' The Lorax,Universal,02-03-12,animation,86,67.5,361.3,6.5
John Carter,Buena Vista Studios,09-03-12,sci-fi,132,263.7,294.3,6.6
21 Jump Street,Sony,16-03-12,comedy,109,42,208.8,7.2
The Hunger Games,Lionsgate,23-03-12,action,142,80,715.9,7.3
Wrath of the Titans,WB,30-03-12,action,99,150,316.2,5.8
American Reunion,Universal,06-04-12,comedy,113,50,243.4,6.8
Marvel's The Avengers,Buena Vista Studios,04-05-12,action,143,220,"1,572.90",8.2
Dark Shadows,WB,11-05-12,comedy,113,150,254.3,6.2
Battleship,Universal,18-05-12,action,131,209,313.8,5.9
MIB 3,Sony,25-05-12,action,106,215,646.3,6.9
Snow White and the Huntsman,Universal,01-06-12,action,127,170,410.8,6.1
Prometheus,Fox,08-06-12,adventure,124,125,417.8,7
Madagascar 3: Europe's Most Wanted,Pacific Data/DreamWorks,08-06-12,animation,93,145,773.6,7
Brave,Buena Vista Studios,22-06-12,drama,50,185,558.3,7.2
Ted,Universal,29-06-12,comedy,106,50,569,7
The Amazing Spider-Man,Sony,03-07-12,action,136,230,785,7.1
Ice Age: Continental Drift,Fox,13-07-12,animation,88,95,908.6,6.7
The Dark Knight Rises,WB,20-07-12,action,165,275,"1,123.20",8.5
The Bourne Legacy,Universal,10-08-12,action,135,125,286,6.7
The Expendables 2,Lionsgate,17-08-12,action,103,100,316.3,6.7
Resident Evil: Retribution,Screen Gems,14-09-12,action,96,65,248.8,5.3
Hotel Transylvania,Sony,28-09-12,animation,91,85,371.2,7.1
Taken 2,Fox,05-10-12,action,92,45,389.6,6.3
Argo,WB,12-10-12,drama,120,44.5,240.6,7.8
Wreck-It Ralph,Buena Vista Studios,02-11-12,animation,101,165,488.1,7.8
Skyfall,Sony,08-11-12,action,143,200,"1,148.20",7.8
Lincoln,Buena Vista Studios,09-11-12,biography,150,65,285.1,7.4
Silver Linings Playbook,Weinstein Company,16-11-12,romance,122,21,244.9,7.8
The Twilight Saga: Breaking Dawn Part 2,Lionsgate/Summit,16-11-12,drama,115,136.2,859.4,8.2
Rise of the Guardians,Pacific Data/DreamWorks,21-11-12,animation,97,145,317.9,7.3
Life of Pi,Fox,21-11-12,adventure,127,120,630.8,8
The Hobbit: An Unexpected Journey,WB,14-12-12,adventure,169,250,"1,053.40",8
Jack Reacher,Paramount Pictures,21-12-12,action,130,60,226.1,7
Django Unchained,Weinstein Company,25-12-12,adventure,165,100,440.6,8.5
Les Miserables (2012),Universal,25-12-12,drama,158,61,457.6,6
Hansel and Gretel: Witch Hunters,Paramount Pictures,25-01-13,action,88,50,231,6.1
A Good Day to Die Hard,Fox,14-02-13,action,98,92,311,5.3
Oz The Great and Powerful,Buena Vista Studios,08-03-13,adventure,130,200,503.6,6.4
The Croods,Fox,22-03-13,animation,98,135,599.4,7.3
G.I. Joe: Retaliation,Paramount Pictures,27-03-13,action,110,130,383.5,5.8
Oblivion,Universal,19-04-13,action,124,120,292.2,7
Iron Man 3,Buena Vista Studios,03-05-13,action,130,200,"1,240.70",7.3
The Great Gatsby (2013),WB,10-05-13,drama,142,190,358.3,7.3
Star Trek Into Darkness,Paramount Pictures,15-05-13,action,132,190,477.1,7.8
The Hangover Part III,WB,23-05-13,comedy,100,103,369.5,5.9
Epic,Fox,24-05-13,animation,102,100,274,6.7
Fast & Furious 6,Universal,24-05-13,action,130,160,805.1,7.2
After Earth,Sony,31-05-13,action,100,130,248.9,4.9
Now You See Me,Lionsgate/Summit,31-05-13,thriller,115,75,359,7.3
Superman,WB,14-06-13,action,143,55,306.4,7.3
Man of Steel,WB,14-06-13,action,143,225,681.9,7.2
World War Z,Paramount Pictures,21-06-13,sci-fi,116,190,551.2,7
Monsters University,Buena Vista Studios,21-06-13,animation,104,200,759.1,7.4
White House Down,Sony,28-06-13,action,131,150,209.7,8
The Heat,Fox,28-06-13,action,117,43,234.7,6.6
The Lone Ranger,Buena Vista Studios,02-07-13,action,149,225,265.9,6.5
Despicable Me 2,Universal,02-07-13,animation,98,76,991,7.5
Grown Ups 2,Sony,12-07-13,comedy,101,80,252.1,5.4
Pacific Rim,WB,12-07-13,action,131,190,419.6,6.1
Turbo,Fox,17-07-13,animation,96,135,288.5,6.5
The Conjuring,WB,19-07-13,horror,112,20,324.6,7.5
The Smurfs 2,Sony,31-07-13,animation,105,110,354.7,5.4
We're the Millers,WB,07-08-13,comedy,110,37,275.6,7.1
Planes,Buena Vista Studios,09-08-13,animation,91,50,244.3,5.7
Elysium,TriStar,09-08-13,action,109,120,292.1,6.7
Cloudy with a Chance of Meatballs 2,Sony,27-09-13,animation,95,78,280,6.5
Gravity,WB,04-10-13,drama,91,110,731.3,7.9
Captain Phillips,Sony,11-10-13,drama,134,55,223.4,7.9
Thor: The Dark World,Buena Vista Studios,08-11-13,action,112,170,658.2,7.1
The Hunger Games: Catching Fire,Lionsgate,22-11-13,action,146,130,882.9,7.7
Frozen,Buena Vista Studios,22-11-13,animation,102,150,"1,300.70",7.7
American Hustle,Sony,13-12-13,drama,138,40,256.4,6.3
The Hobbit: The Desolation of Smaug,WB,13-12-13,adventure,161,250,980.4,8
The Wolf of Wall Street,Paramount Pictures,25-12-13,biography,180,100,400.2,8.2
The LEGO Movie,WB,07-02-14,animation,100,60,470.9,7.8
RoboCop,Sony,12-02-14,sci-fi,117,120,243.8,7.1
Non-Stop,Universal,28-02-14,action,106,50,223.8,7
Mr. Peabody & Sherman,Fox,07-03-14,animation,92,145,274.1,6.9
300: Rise of An Empire,WB,07-03-14,action,102,110,339.1,6.3
Need for Speed,Buena Vista Studios,14-03-14,action,132,66,204.2,6.6
Divergent,Lionsgate/Summit,21-03-14,adventure,139,85,290,6.8
Noah,Paramount Pictures,28-03-14,action,138,130,364.2,5.9
Captain America: The Winter Soldier,Buena Vista Studios,04-04-14,action,136,170,718,7.8
Rio 2,Fox,11-04-14,animation,101,130,502.5,6.4
The Amazing Spider-Man 2,Sony,02-05-14,action,142,200,712.2,6.8
Neighbors,Universal,09-05-14,comedy,97,18,269.4,6.4
Godzilla (2014),WB,16-05-14,action,123,160,531.1,6.5
X-Men: Days of Future Past,Fox,23-05-14,action,131,200,751.5,8.1
Maleficent,Buena Vista Studios,30-05-14,action,97,180,761.8,7
The Fault in our Stars,Fox,06-06-14,drama,126,12,308.6,7.9
Edge of Tomorrow,WB,06-06-14,action,113,178,370.9,7.9
22 Jump Street,Sony,13-06-14,comedy,112,50,332.8,7.1
How to Train Your Dragon 2,Fox,13-06-14,animation,102,145,621.7,7.9
Transformers: Age of Extinction,Paramount Pictures,27-06-14,action,165,210,"1,109",5.8
Dawn of the Planet of the Apes,Fox,11-07-14,action,130,170,712,7.7
Hercules (2015),Paramount Pictures,25-07-14,action,98,100,244.5,6.1
Lucy,Universal,25-07-14,action,89,40,461,6.4
Guardians of the Galaxy,Buena Vista Studios,01-08-14,action,121,170,777.7,8.1
Teenage Mutant Ninja Turtles (2014),Paramount Pictures,08-08-14,action,101,125,487.2,7.9
The Expendables 3,Lionsgate,15-08-14,action,126,100,207.1,6.1
The Maze Runner,Fox,19-09-14,action,113,34,342.3,6.9
Annabelle,WB/New Line,03-10-14,horror,99,6.5,256.5,5.4
Gone Girl,Fox,03-10-14,drama,149,61,369.8,6.7
Dracula Untold,Universal,10-10-14,action,92,70,216.5,6.3
Fury,Sony,17-10-14,action,134,80,212.8,5.8
Interstellar,Paramount Pictures,05-11-14,sci-fi,169,165,675.7,8.7
Big Hero 6,Buena Vista Studios,07-11-14,animation,102,165,655,7.9
The Hunger Games: Mockingjay - Part 1,Lionsgate,21-11-14,adventure,123,125,755.5,6.8
Penguins of Madagascar,Fox,26-11-14,animation,92,132,375.3,6.8
The Imitation Game,Weinstein Company,28-11-14,biography,114,15,221,8.1
Exodus: Gods and Kings,Fox,12-12-14,action,150,140,269.2,6.1
The Hobbit: The Battle of the Five Armies,WB,17-12-14,adventure,144,250,959.4,7.5
Night at the Museum: Secret of the Tomb,Fox,19-12-14,adventure,98,127,362,6.3
Night at the Museum,Fox,19-12-14,adventure,98,127,577.1,6.4
Into the Woods,Buena Vista Studios,25-12-14,adventure,125,50,213.9,6
American Sniper,WB,25-12-14,action,132,58,549.6,7.4
Taken 3,Fox,09-01-15,action,109,48,325.8,6.1
Paddington,StudioCanal,16-01-15,comedy,95,55,259.5,7.3
The SpongeBob Movie: Sponge Out of Water,Paramount Pictures,06-02-15,animation,92,74,311.6,6.2
Kingsman: The Secret Service,Fox,13-02-15,action,129,81,403.8,7.9
Fifty Shades of Grey,Universal,13-02-15,drama,125,40,569.7,4.2
Cinderella,Buena Vista Studios,13-03-15,drama,105,95,539,7.3
The Divergent Series: Insurgent,Lionsgate/Summit,20-03-15,action,119,110,295.1,6.9
Home,Fox,27-03-15,animation,94,130,367.7,6.8
Furious 7,Universal,03-04-15,action,137,190,"1,511.60",7.6
Avengers: Age of Ultron,Buena Vista Studios,01-05-15,action,141,250,"1,371.60",7.9
Pitch Perfect 2,Universal,15-05-15,comedy,115,29,276.9,6.9
Mad Max: Fury Road,WB,15-05-15,action,120,150,356.4,8.5
Tomorrowland,Buena Vista Studios,22-05-15,action,130,170,202.1,6.7
San Andreas,WB,29-05-15,action,114,110,441.2,6.6
Jurassic World,Universal,12-06-15,action,124,215,"1,245.90",7.5
Inside Out,Buena Vista Studios,19-06-15,animation,102,175,266.6,8.8
